s12-001.png	Task 1 – ConfigMap
s12-002.png	Task 1 – ConfigMap
s12-003.png	Task 1 – ConfigMap
s12-004.png	Task 1 – ConfigMap
s12-005.png	Task 2 – Secret
s12-006.png	Task 2 – Secret
s12-007.png	Task 3 – Ingress
s12-008.png	Task 3 – Ingress
s12-009.png	Task 3 – Ingress
s12-010.png	Task 3 – Ingress
s12-011.png	5.1 PostgreSQL rejects the app
s12-012.png	5.1 PostgreSQL rejects the app
s12-013.png	5.1 PostgreSQL rejects the app
s12-014.png	5.2 Pod stuck in
s12-015.png	5.2 Pod stuck in
s12-016.png	5.3 Ingress returns 503
s12-017.png	5.3 Ingress returns 503
