s04-001.png	1. IP Addressing & Subnetting
s04-002.png	2. Network Connectivity Diagnostics
s04-003.png	2. Network Connectivity Diagnostics
s04-004.png	3. Interface & Routing Inspection
s04-005.png	3. Interface & Routing Inspection
s04-006.png	3. Interface & Routing Inspection
s04-007.png	4. Domain Name Resolution (DNS)
s04-008.png	4. Domain Name Resolution (DNS)
s04-009.png	4. Domain Name Resolution (DNS)
s04-010.png	4. Domain Name Resolution (DNS)
s04-011.png	4. Domain Name Resolution (DNS)
s04-012.png	4. Domain Name Resolution (DNS)
s04-013.png	5. HTTP & API Testing
s04-014.png	5. HTTP & API Testing
s04-015.png	6. Port Scanning & Socket Testing
s04-016.png	7. Secure Remote Access & File Transfer
