s08-001.png	1. Docker Network Drivers
s08-002.png	2. Port Forwarding & Publishing
s08-003.png	2. Port Forwarding & Publishing
s08-004.png	3. Docker Network Management
s08-005.png	3. Docker Network Management
s08-006.png	4. Docker Volumes & Persistent Storage
s08-007.png	4. Docker Volumes & Persistent Storage
s08-008.png	4. Docker Volumes & Persistent Storage
s08-009.png	Docker Compose Commands
s08-010.png	Docker Compose Commands
s08-011.png	Docker Compose Commands
s08-012.png	Task 1: Container networking (frontend / backend / database)
s08-013.png	Task 1: Container networking (frontend / backend / database)
s08-014.png	Task 2: Host network
s08-015.png	Task 3: Bind mount
