s07-001.png	1. Dockerfile Directives
s07-002.png	2. Building & Tagging Images
s07-003.png	2. Building & Tagging Images
s07-004.png	3. Image Management & Inspection
s07-005.png	3. Image Management & Inspection
s07-006.png	4. Docker Hub & Registry Operations
s07-007.png	4. Docker Hub & Registry Operations
s07-008.png	4. Docker Hub & Registry Operations
s07-009.png	4. Docker Hub & Registry Operations
s07-010.png	4. Docker Hub & Registry Operations
s07-011.png	4. Docker Hub & Registry Operations
s07-012.png	4. Docker Hub & Registry Operations
s07-013.png	5. Multi-Stage Dockerfile Builds
s07-014.png	5. Multi-Stage Dockerfile Builds
s07-015.png	6. Image Cleanup Operations
s07-016.png	6. Image Cleanup Operations
