s14-001.png	Task 1 – Kubernetes troubleshooting commands
s14-002.png	Task 1 – Kubernetes troubleshooting commands
s14-003.png	Task 1 – Kubernetes troubleshooting commands
s14-004.png	Task 1 – Kubernetes troubleshooting commands
s14-005.png	Task 1 – Kubernetes troubleshooting commands
s14-006.png	Task 1 – Kubernetes troubleshooting commands
s14-007.png	Task 1 – Kubernetes troubleshooting commands
s14-008.png	Task 1 – Kubernetes troubleshooting commands
s14-009.png	Task 1 – Kubernetes troubleshooting commands
s14-010.png	1. CrashLoopBackOff
s14-011.png	1. CrashLoopBackOff
s14-012.png	2. ImagePullBackOff
s14-013.png	2. ImagePullBackOff
s14-014.png	3. ErrImagePull
s14-015.png	3. ErrImagePull
s14-016.png	4. Pending
s14-017.png	4. Pending
s14-018.png	5. ContainerCreating
s14-019.png	5. ContainerCreating
s14-020.png	6. Service connectivity
s14-021.png	6. Service connectivity
s14-022.png	7. DNS
s14-023.png	7. DNS
s14-024.png	8. Pod networking
s14-025.png	8. Pod networking
s14-026.png	8. Pod networking
s14-027.png	9. Configuration issues
s14-028.png	9. Configuration issues
s14-029.png	Task 3 – Mini project
s14-030.png	Task 3 – Mini project
s14-031.png	Task 3 – Mini project
s14-032.png	Task 3 – Mini project
s14-033.png	Task 3 – Mini project
s14-034.png	Task 3 – Mini project
s14-035.png	Task 3 – Mini project
