s06-001.png	1. Engine Architecture & Verification
s06-002.png	1. Engine Architecture & Verification
s06-003.png	1. Engine Architecture & Verification
s06-004.png	2. Container Execution & Lifecycle
s06-005.png	2. Container Execution & Lifecycle
s06-006.png	3. Inspecting & Monitoring Containers
s06-007.png	3. Inspecting & Monitoring Containers
s06-008.png	3. Inspecting & Monitoring Containers
s06-009.png	3. Inspecting & Monitoring Containers
s06-010.png	4. Container Shell Access & Execution
s06-011.png	4. Container Shell Access & Execution
s06-012.png	4. Container Shell Access & Execution
s06-013.png	5. Container Cleanup Operations
s06-014.png	5. Container Cleanup Operations
