s05-001.png	1. Git Configuration & Setup
s05-002.png	2. Repository Initialization & Cloning
s05-003.png	3. Staging & Committing Changes
s05-004.png	3. Staging & Committing Changes
s05-005.png	4. Inspecting History & Differences
s05-006.png	4. Inspecting History & Differences
s05-007.png	5. Branching & Merging
s05-008.png	5. Branching & Merging
s05-009.png	6. Remote Management & GitHub Sync
s05-010.png	7. Undoing & Discarding Changes
s05-011.png	7. Undoing & Discarding Changes
s05-012.png	8. Stashing & Cherry-Picking
s05-013.png	8. Stashing & Cherry-Picking
s05-014.png	Task 1: git commit -a -m vs git commit -m
s05-015.png	Task 1: git commit -a -m vs git commit -m
s05-016.png	Task 2: Git Cherry-Pick
s05-017.png	Task 2: Git Cherry-Pick
