s10-001.png	01. Rolling Update
s10-002.png	01. Rolling Update
s10-003.png	01. Rolling Update
s10-004.png	01. Rolling Update
s10-005.png	01. Rolling Update
s10-006.png	01. Rolling Update
s10-007.png	01. Rolling Update
s10-008.png	02. Blue-Green Deployment
s10-009.png	02. Blue-Green Deployment
s10-010.png	02. Blue-Green Deployment
s10-011.png	03. Canary Deployment
s10-012.png	03. Canary Deployment
s10-013.png	04. Recreate Deployment
s10-014.png	04. Recreate Deployment
s10-015.png	04. Recreate Deployment
s10-016.png	04. Recreate Deployment
s10-017.png	Task 2 – Pod lifecycle
s10-018.png	Task 2 – Pod lifecycle
s10-019.png	Task 2 – Pod lifecycle
s10-020.png	Task 2 – Pod lifecycle
s10-021.png	Task 2 – Pod lifecycle
