s09-001.png	Verify cluster status
s09-002.png	Verify cluster status
s09-003.png	Verify cluster status
s09-004.png	Kubernetes Basics tutorial (hands-on)
s09-005.png	Kubernetes Basics tutorial (hands-on)
s09-006.png	Kubernetes Basics tutorial (hands-on)
s09-007.png	Kubernetes Basics tutorial (hands-on)
s09-008.png	Kubernetes Basics tutorial (hands-on)
s09-009.png	Kubernetes Basics tutorial (hands-on)
s09-010.png	Kubernetes Basics tutorial (hands-on)
s09-011.png	Kubernetes Basics tutorial (hands-on)
