s15-001.png	Task 1 – Helm commands
s15-002.png	Task 1 – Helm commands
s15-003.png	Task 1 – Helm commands
s15-004.png	Task 1 – Helm commands
s15-005.png	Task 1 – Helm commands
s15-006.png	Task 1 – Helm commands
s15-007.png	Task 1 – Helm commands
s15-008.png	Task 1 – Helm commands
s15-009.png	Task 1 – Helm commands
s15-010.png	Task 1 – Helm commands
s15-011.png	Task 1 – Helm commands
s15-012.png	Task 2 – Helm rollback workflow
s15-013.png	Task 2 – Helm rollback workflow
s15-014.png	Task 2 – Helm rollback workflow
s15-015.png	Task 2 – Helm rollback workflow
s15-016.png	Task 2 – Helm rollback workflow
s15-017.png	Task 3 – Mini project: Notes app chart
s15-018.png	Task 3 – Mini project: Notes app chart
s15-019.png	Task 3 – Mini project: Notes app chart
s15-020.png	Task 3 – Mini project: Notes app chart
s15-021.png	Task 3 – Mini project: Notes app chart
s15-022.png	Task 3 – Mini project: Notes app chart
s15-023.png	Task 3 – Mini project: Notes app chart
