s01-001.png	1. System Information & Architecture
s01-002.png	1. System Information & Architecture
s01-003.png	2. File System Navigation
s01-004.png	2. File System Navigation
s01-005.png	3. File & Directory Management
s01-006.png	3. File & Directory Management
s01-007.png	4. Searching & Filtering
s01-008.png	4. Searching & Filtering
s01-009.png	5. File Permissions & Ownership
s01-010.png	6. Process Management & Monitoring
s01-011.png	6. Process Management & Monitoring
s01-012.png	7. User & Group Management
s01-013.png	8. Package Management
s01-014.png	Task 1: Soft Link & Hard Link
s01-015.png	Task 2: adduser vs useradd
s01-016.png	Task 3: journalctl
s01-017.png	Task 3: journalctl
s01-018.png	Task 4: Linux Command Cheat Sheet
